{
    "ease_of_use": 6.351201478743068,
    "meets_requirements": 6.353932584269663,
    "quality_of_support": 6.7682242990654204,
    "ease_of_setup": 6.377777777777778,
    "ease_of_admin": 6.425133689839572,
    "ease_of_doing_business_with": 6.66580310880829
}