{
    "Armenia": 5.0,
    "Australia": 5.0,
    "Austria": 5.0,
    "Belgium": 4.4,
    "Bulgaria": 5.0,
    "Canada": 4.681818181818182,
    "Colombia": 5.0,
    "Cyprus": 5.0,
    "Czech Republic": 4.785714285714286,
    "Denmark": 4.625,
    "Estonia": 4.833333333333333,
    "France": 4.833333333333333,
    "Germany": 4.785714285714286,
    "Ghana": 5.0,
    "Greece": 5.0,
    "India": 4.794117647058823,
    "Indonesia": 5.0,
    "Ireland": 4.409090909090909,
    "Israel": 4.6923076923076925,
    "Italy": 4.5,
    "Latvia": 5.0,
    "Malta": 5.0,
    "Netherlands": 4.375,
    "Philippines": 5.0,
    "Poland": 4.8,
    "Portugal": 5.0,
    "Romania": 4.75,
    "Serbia": 5.0,
    "Singapore": 5.0,
    "Slovakia": 5.0,
    "South Africa": 4.75,
    "Spain": 4.75,
    "Sweden": 4.65,
    "Switzerland": 5.0,
    "Turkey": 5.0,
    "United Arab Emirates": 4.0,
    "United Kingdom": 4.654761904761905,
    "United States": 4.65234375
}